tweet
Receptionist in #GlasgowAirport with @HolidayInn Info/Apply:  http://ow.ly/DnU650vFpdN  #RenfrewshireJobs pic.twitter.com/3YgEPx7VB6
"Planes today!   A few aircraft passing overhead at Phoenix Retail Park in Linwood, Renfrewshire.   #Planes #PlaneSpotting #Aviation #GlasgowAirport #Aircraft #GLA #EGPF #ICAO #Emirates #ThomasCook #Flybe #Loganair…  https://www.instagram.com/p/B1oRVI6hWAu/?igshid=3g4cat7134qd …"
Here’s hoping @Starbucks will super charge today before another flight #glasgowairport  pic.twitter.com/bvZv8DNMAF
Jo Malone and gin before 5 o'clock.  Off to France to the beautiful Charente to make use of lindasmithlavender accommodation.   How lovely...  #vintageatno6 #france #glasgowairport #bordeaux #jomalone #holibobs @…  https://www.instagram.com/p/B1guOJInq3E/?igshid=1ea7klhcydth2 …
Listening to @spittinchiclets in #glasgowairport trying not to piss myself laughing whilst waiting for my flight 😂 #scottishfan #lovethispod 💙
Airbus 350-1041 serialNo 274 G-VLUX @virginatlantic at @gla_airport #virginatlantic #airbus #airbus350 #airbus350lovers #airbuslovers #glasgow #glasgowairport #scotland #avgeek #spotting #shotoniphone #iphonexsmax à…  https://www.instagram.com/p/B1eTtqRhebv/?igshid=qwxip8hol909 …
You can check into the Upper Deck at #GlasgowAirport #Lounge for £23 and chill out whilst waiting for your #flight  http://ow.ly/yJuz30p4oAp  pic.twitter.com/OPXzinFHUe
Just got evacuated from the @HolidayInn at #GlasgowAirport. 😭😬  pic.twitter.com/npKHVb2vCP
"✈️ FLY AWAY WITH NETWORK PRIVATE HIRE IN 2019 ✈️  If you're heading away for the Bank Holiday Weekend, we're the PREMIER choice to get you to the airport! 🙌  Info 👉  https://bit.ly/2Bbufxp  #BankHolidayWeekend #GlasgowAirport  pic.twitter.com/KRprU0Wuex"
Standard airport pint #glasgowairport #stella #happyholidays! pic.twitter.com/VXbFSzkV0K
"@emelisande what a pleasure to meet you, your so sweet, kind & friendly .. Just want to say thank you so much for stopping & taking your time for a picture, I can’t believe I’ve just met you, thank you .. take care & have a good flight ✈️❤️ 🎙#glasgowairport #emilesande pic.twitter.com/HGtZQMqHad"
"FOR SALE: 2 bedroom flat on the second floor in Paisley for the price of £62,000. Benefits of this property would include; being close to #PaisleyGilmourStreet train station, #GlasgowAirport and located opposite the park! For more information click here  http://ow.ly/AiIj50vDhZ5  pic.twitter.com/MDieXdx1mh"
"Alaiye Kleopatra Hotel #Turkeyholiday, Antalya, #Alanya Jan 2020 from #GlasgowAirport 14 Nights, All Inclusive From £391pp Flights, transfers & luggage included Subject to limited availability.  More >  https://bargainsun.com/late-deal/alaiye-kleopatra-hotel-alanya-late-deals-in-turkey … #latedeals #bargainsun #latedeal #cheapholidays #go pic.twitter.com/o8UP2LMdEz"
"Terralta Apartments #Benidorm, Costa Blanca, Spain Oct 2019 From #GlasgowAirport 11 nights Self Catering From £335 pp Flights, transfers & luggage included Subject to limited availability.  More>  https://bargainsun.com/late-deal/terralta-apartments-benidorm-late-deals-2 … #benidormholiday #latedeals #latedeal #benidormlatedeals pic.twitter.com/4LqFjsa28B"
"Laura S'Atalya Studios & Apartments #Spain, #Ibiza, San Antonio Town Sep 2019 From #GlasgowAirport 14 nights Self Catering From £346 per person Flights, transfers & luggage included  More >  https://bargainsun.com/late-deal/laura-satalya-studios-apartments-ibiza-late-deals … #latedeals #latedeal #ibizaholiday #bargainsun #cheapholidays pic.twitter.com/VoEfhJC7d8"
"Bel Azur Hammamet #Tunisia, Hammamet Feb 2020 #GlasgowAirport 7 nights, All Inclusive From £288 pp Flights, transfers & hand luggage included Subject to limited availability.    https://bargainsun.com/late-deal/bel-azur-hammamet-tunisia-late-deals … #latedeals #tunisiaholiday #latedeal #bargainsun #cheapholidays #holidays2020 pic.twitter.com/vHkWlw52mh"
"#GreenBungalows #AyiaNapa, #Cyprus Sep 2019 from #GlasgowAirport 7 nights, Self Catering From £256 per person Flights, transfers & hand luggage included Subject to limited availability   https://bargainsun.com/late-deal/green-bungalows-ayia-napa-cyprus-late-deals/ … #latedeals #cyprusholiday #latedeal #bargainsun #cheapholidays pic.twitter.com/WgebamaE42"
Someone having fun in new plane #aviation #glasgowairport #dreamliner @VirginAtlantic pic.twitter.com/Ou4jGL5FgA
My shot of the @VirginAtlantic @Airbus A350 today coming into @GLA_Airport for training. Lovely Aircraft. #planespotting #airbus #a350 #glasgowairport  pic.twitter.com/eIe1D3HVOA
"Efir 1 Sunny Beach, #Bulgaria Sep 2019 from #GlasgowAirport 7 nights Self Catering From £231 per person Flights, transfers & hand luggage included Subject to limited availability   https://bargainsun.com/late-deal/efir-1-sunny-beach-bulgaria-late-deal-holiday … #bulgariaholiday #sunnybeach #latedeals #latedeal #bargainsun #holidays2019 pic.twitter.com/zDj6P7XZjf"
"Clarion Inn Lake Buena Vista #LakeBuenaVista, #Orlando, #Florida From #Glasgowairport - Oct 2019 14 nights, Room Only From £684 pp Subject to limited availability  More >  https://bargainsun.com/late-deal/clarion-inn-lake-buena-vista-florida-late-deals … #floridaholiday #latedeals #glasgowairport #bargainsun #orlandholiday #holidays2019 pic.twitter.com/YfOPazZWpy"
"When we got our flight canceled, flybe delt with it very well, we managed to get onto another flight #flybe #dash8 #glasgowairport  pic.twitter.com/kDhagRyyyb"
Get your holiday off to a relaxing start ?? and let our driver take you to #GlasgowAirport on #ExpressJETConnect >  http://stge.co/PsBO30oYoMj  pic.twitter.com/0sg47QDIgi
"#Protur Bahia Azul Apartments - #CalaBona, Majorca, Spain Oct 2019 - 7 nights Self Catering from #Glasgowairport From £256 pp Flights, transfers & luggage 👍 Subject to limited availability  More info -   https://bargainsun.com/late-deal/protur-bahia-azul-apartments-majorca-late-deal/ … #latedeals #latedeal #bargainsun #holidays2019 pic.twitter.com/jYbxOZzLYR"
HOLIDAYS! 🏝 Don't worry about getting to the airport on time! ✈️ Leave that to us!👇 Call us on 01236 722772 or visit  https://bit.ly/2WnEIxu  to book! #holiday #airport #centralcarscumbernauld #GlasgowAirport  pic.twitter.com/PAVpBl6EjE
"Xaloc #Spainholiday, Balearic Islands, #Ibiza, San Antonio Bay Sep 2019 - 7 nights Self Catering from #GlasgowAirport From £247 Per Person Subject to limited availability.  #xaloc #latedeals #bargainsun #SanAntonioBay #latedeal #holidays2019  More info -  https://bargainsun.com/late-deal/xaloc-san-antonio-bay-ibiza-late-deal … pic.twitter.com/Dg9c37O6ek"
Associate Appreciation Week is about recognising our people as an embodiment of our company values. #AssociateAppreciationWeek #DelawareNorthProud #AAW19 #Values #tbt #GlasgowAirport #LeanForward #ComeTogether #StandUp #DoRight #ThinkGuest #DelawareNorth pic.twitter.com/r8KQKlj4gH
Heading to #GlasgowAirport to utilise this new route? Download the Network App and get £1 OFF FOR NEW CUSTOMERS ON THE APP WITH THE CODE 'NET1110'! via @TheScotsman #Glasgow https://www.scotsman.com/news/transport/easyjet-announces-new-scottish-growth-focus-on-glasgow-with-birmingham-route-1-4983159 …
"Well a nice 3am start this morning, My customers are off to Rome, I couldn’t be more jealous!   #rome #ryanair #edinburghairport #traveltheworld #explore #glasgow #glasgowairport #edinburgh #airporttransfer…  https://www.instagram.com/p/B1IUReUgdOw/?igshid=g3tgdeoyn2o …"
Lounge Host in #GlasgowAirport with @SodexoUKJobs Info/Apply:  http://ow.ly/EL9950vsJZC  #GlasgowJobs #Airport pic.twitter.com/kMfqCWy4xN
Dinner F&B Team Member in #GlasgowAirport with @HolidayInn Info/Apply:  http://ow.ly/EUQN50vsJpr  #GlasgowJobs #Airport pic.twitter.com/Wya0JamGqy
"Arenal Hotel #SanAntonioBay, #Ibiza, Balearic Islands Sep 2019 - 10 nights Half Board from #GlasgowAirport From £552 pp Flights, transfers & luggage included Subject to limited availability   https://bargainsun.com/late-deal/arenal-hotel-san-antonio-bay-ibiza-late-deal … #ibizaholiday #spain #ibizaholiday #holiday2019 #latedeal pic.twitter.com/z5jxZ9K0P7"
"Club Exelsior #Turkeyholiday, Dalaman, #Marmaris Oct 2019 From #GlasgowAirport 7 Nights, Self Catering From £228 Per Person Subject to limited availability.    https://bargainsun.com/late-deal/club-exelsior-marmaris-turkey-late-deal/ … #latedeals #latedeal #holidays2019 #turkeyholidays #Marmaris pic.twitter.com/IwdIQH9HQm"
Back at the Airport awaiting the Faro flight and the good news is it’s early! Just enough time to make sure the car is presentable before collection !   #faro #easyjet #glasgowlife #glasgow #glasgowairport…  https://www.instagram.com/p/B1FLGqEg4MO/?igshid=d7xsms88ugbj …
"Sat in #GlasgowAirport. Waiting for a delayed flight, absolutely gasping for a cigerette. No smoking area within the airport is mental #anxiety #nervousflyer #shouldofcheckedinlastminute"
"Friendliest airport and airline staff have to be #glasgowairport and #jet2. First class service both way, even employ child friendly staff at #ukborderforce."
Lounge Host @SodexoGroup #GlasgowAirport  Info/Apply:  http://ow.ly/3r2650vsMbd  #RenfrewshireJobs pic.twitter.com/F9QMZdhKfK
"@GLA_Airport no announcements, no staff , no plane and we were supposed to take off 5mins ago from Glasgow to Stansted. The easyJet app keeps pushing the flight time back yet we have been told nothing ?! Outrageous #easyjet #glasgowairport"
"@easyJet no announcements, no staff , no plane and we were supposed to take off 5mins who from Glasgow to Stansted. The app keeps pushing the flight time back yet we have been told nothing ?! Outrageous #easyjet #glasgowairport"
"California Garden Salou, Costa Dorada, Catalonia, Spain Oct 2019 - 7 nights Half Board from Glasgow From £330 Per Person Subject to limited availability   https://bargainsun.com/late-deal/california-garden-salou-late-deal/ … #latedeals #salou #spainholiday #holidays2019 #glasgowairport #Catalonia #bargainsun #holiday pic.twitter.com/fOBhQNvufx"
"Duni Pelican Duni, Bourgas Region, Bulgaria Sep 2019 - 7 nights All Inclusive from Glasgow From £385 Per Person Subject to limited availability  #latedeals #bulgariaholiday #glasgowairport #allinclusive #allinclusiveholiday #glasgowflights  https://bargainsun.com/late-deal/duni-pelican-all-inclusive-bulgaria-late-deal … pic.twitter.com/g3KxjCeksX"
#brodiepark #barshawpark #dykebarhospital #bellahoustonpark #Glasgow #holidays #shortbreaks #daysaway #daysout #penilee #rosshall #shortroods #gockston #glenburn #foxbar #ferguslie #fergusliepark #fountaingardens #glasgowdoctors #glasgowairport #pilots #lovedogs https://twitter.com/WoofwoofC/status/1160111575522586629 …
🛫 🏴󠁧󠁢󠁳󠁣󠁴󠁿 Did you know that @GLA_Airport serves more Scottish destinations than any other airport and is a key component of Scotland’s transport infrastructure? #GLA #GlasgowAirport  pic.twitter.com/7Enl6r9I0W
"""The front of the bus they canny sing they canny sing"" London bound for the weekend with the Selfridges..... #BA #BA100 #airbus #glasgowairport #britishairways #airbusa320 #airbusa320200 #frontofthebuscannysing @…  https://www.instagram.com/p/B07vRXEl484/?igshid=1i9v6hwiac0jl …"
There was disruption at #GlasgowAirport yesterday as pilots landing aircraft had to take evasive action to protect their vision after being deliberately targeted by someone shining a laser  https://bbc.in/2YV53Eg 
#glasgowairport #travelnews  Glasgow Airport Pilots Forced To Take Action As Lasers Are Shone At Landing Planes -  https://goo.gl/alerts/c1x9w  #GoogleAlerts
@Ryanair follow us on @DailyDafty where we do lots of stuff about you lot 😄 #aviation #Transparent #aeroplanes #BreakingNews #BREAKING #flightaware #FlightAttendant #glasgowairport #justforfun #aircraftcarrier #ScottishTwitter  find us also on Facebook 😍👍😄 pic.twitter.com/bTYihQoBlY
#BritishAirways #BA #HeathrowAirport #gatwickairport #StanstedAiport #LutonAirport #EastMidlandsAirport #LiverpoolJohnLennon #ManchesterAirport #GlasgowAirport #edinburghAirport #ATOL #ABTA #VirginAirlines #boardmasters #WednesdayWisdom #WednesdayMotivation #WednesdayThoughts
🛫 Passengers at @GLA_Airport  enjoyed a first-class performance tribute to #Scotland 🏴󠁧󠁢󠁳󠁣󠁴󠁿 from the @RSNO #GLA #GlasgowAirport  http://ferrovi.al/2xrlyz9m90/  pic.twitter.com/PFw127yEVc
Don't forget to claim your 650 Euros if you were on the cancelled flight between Glasgow and Newark! 💰🤑💸 - Confused with all your travel options? DM us now to book your next journey! - #businessclass #firstclass #premiumeconomyclass #economyclass #united #glasgowairport
2 #UnitedAirlines pilots arrested at #Glasgowairport after allegedly failing alcohol breath tests.   https://www.foxnews.com/travel/pilots-arrested-at-glasgow-airport-alleged-intoxication-prior-to-flight …
Off to my sisters with youngest son for few days. Delayed 2.5 hrs so far.. only way to go drink more wine 🍷 #Glasgowairport #sisters #KnkPants👙 pic.twitter.com/VjvZAQXMRP
"Acqua Hotel #Spain, Mainland Spain, Costa Dorada, #Salou 27 Sep 2019 from #Glasgowairport 4 Nights, Bed & Breakfast Flights, transfers & luggage included Subject to limited availability More>  https://bargainsun.com/late-deal/acqua-hotel-september-weekend-late-deal … #latedeal #latedeals #discountholidays #bargainsun pic.twitter.com/D348QRzQrl"
"Talayot Apartments Cala'n Forcat, #MenorcaHoliday, Balearic Islands, #Spain Sep 2019 from #GlasgowAirport Self Catering 7 nts Flights, transfers & luggage included From £307 Per Person Subject to limited availability  https://bargainsun.com/late-deal/talayot-apartments-menorca-late-deal/ … #latedeals #holidays2019 #holiday pic.twitter.com/R2AgPd9xbl"
#Pilots #arrested at #GlasgowAirport before boarding US flight:  http://worldjusticenews.com/news/2019/08/04/pilots-arrested-at-glasgow-airport-before-boarding-us-flight/ … #wjn #crimenews #justicenews #UnitedAirlines
"International II Apartments #Salou, Costa Dorada, Catalonia, #Spainholiday Sep 2019 - 7 nights All Inclusive From #GlasgowAirport Flights, transfers & luggage included From £410 Per Person Subject to limited availability - #latedeals #glasgowflights  https://bargainsun.com/late-deal/international-ii-apartments-salou-late-deal/ … pic.twitter.com/ObpevMLHgI"
Scotland: Two United Airlines' Pilots Arrested After Failing Breath Test at Glasgow Airport Before Boarding New York Flight  https://www.latestly.com/world/scotland-two-united-airlines-pilots-arrested-after-failing-breath-test-at-glasgow-airport-before-boarding-new-york-flight-1072238.html … #Scotland #UnitedAirlines #pilots #GlasgowAirport
"Two #UnitedAirlines pilots were arrested at #GlasgowAirport for allegedly failing a breath test before boarding a flight to #NewYork, #PoliceScotland has confirmed. pic.twitter.com/lFpXlVBfWZ"
"Two #UnitedAirlines pilots were arrested at #GlasgowAirport for allegedly failing a breath test before boarding a flight to #NewYork, #PoliceScotland has confirmed.  Photo: IANS pic.twitter.com/WzVk1bRyzn"
BBC News - #Pilots #arrested at #GlasgowAirport before boarding US flight  https://www.bbc.com/news/uk-scotland-glasgow-west-49222120 …
"Globales Bouganvilla Sa Coma, Majorca 7 Nights, All Inclusive In October from #GlasgowAirport Flights, transfers & luggage included From £372pp Subject to limited availability  https://bargainsun.com/late-deal/globales-bouganvilla-majorca-late-deal/ … #latedeals #spainholidays #bargainsun #holidays2019 #allinclusive pic.twitter.com/xwcDbTmcwd"
Luggage missing #Glasgowairport no show today again!! get your act together @MenziesAviation dropped the ball again missed two flights to ship #badcustomerservice #justbad #useless 🤬hope arrive tomorrow Sunday??? pic.twitter.com/7cO3PgO19R
"There may be those who are surprised by this, not only for the subject matter but to learn that there are any long-haul flights into #Glasgow . No offence to either the @GlasgowCC  or it's people but for a city the airport really is quite small.  #GlasgowAirport @lbcbreaking"
2 #American #Pilots #arrested at #GlasgowAirport before boarding #US #flight https://www.bbc.com/news/uk-scotland-glasgow-west-49222120 …
#UnitedAirline #pilots arrested at #GlasgowAirport before boarding #US flight #UA162 to #Newark #NY. #EGPF #AviationSafety #Aviation #AirTravel #Glasgow #Scotland a #Alcohol #News  https://www.bbc.co.uk/news/uk-scotland-glasgow-west-49222120 …
Pilots arrested at Glasgow Airport before boarding US flight  https://www.bbc.com/news/uk-scotland-glasgow-west-49222120 … #Glasgow #Glasgowairport I wonder what will happen to these samples????
"Inter 2 Salou Spain - Salou 11 Nights, Self Catering In October from Glasgow  Flights, transfers & luggage included From £317pp Subject to limited availability.   https://bargainsun.com/late-deal/inter-2-salou-october-late-deal-2/ … #latedeals #glasgowairport #salouholiday #spainholidays pic.twitter.com/o1iKDFSCZs"
"#Spain, Balearic Islands, #Menorcaholiday, Cala n Bosch September Holiday deal #glasgowairport #latedeals 10 nights #SelfCatering from £358pp Flights, transfers & luggage included Subject to limited availability. Prices can go up when people start to book  https://bargainsun.com/late-deal/smartline-marina-menorca-late-deals … pic.twitter.com/QUWkVN1SFf"
"Canary Islands, #Fuerteventura, Corralejo 14 nights December S/C from £332pp Flying from #glasgowairport #latedeals #holidays2019 #wintersun   Flights, transfers & luggage included  More -  https://bargainsun.com/late-deal/maxorata-beach-apartments-fuerteventura-late-deal/ …  http://www.bargainsun.com  pic.twitter.com/4j82E2DtQR"
Amateur Glasgow airport does it again. Emirates A380 delayed because the only tug breaks down!! Three hours (so far) and no one can fix it! #glasgowairport #emirates #dailyrecord #theherald pic.twitter.com/4r8eR2Ria4
Thanks @insideWeeBox for taking the obligatory pic as you pass through #glasgowairport - hope you’re off somewhere nice ☀️😁
"Aphrodite Studios #GreeceHoliday, Zante, Laganas 19 Aug 2019  7nts S/C Apt from #GlasgowAirport Flights, transfers & luggage included From just £176pp - Subject to limited availability #latedeals #bargainsun #zanteholiday #holidays2019 #cheapholidays  http://www.bargainsun.com/32sd  pic.twitter.com/O8lICUE6dB"
Sales Assistant in #GlasgowAirport with @JDOfficial Info/Apply:  http://ow.ly/imNs50vghNM  #GlasgowJobs #Trainers pic.twitter.com/UYA99vNFey
"Alp Pasa Boutique Hotel Turkey, Antalya, Antalya Resort 15 Nov 2019 from Glasgow 21 Nights, B&B Flights, transfers & luggage included From £454pp Subject to limited availability. Prices can go up when people start to book More>  http://www.bargainsun.com/32sd  #latedeals #glasgowairport  pic.twitter.com/qvHhO7vZz1"
Sunset over Glasgow (airport)... #Glasgow #Sunset #Scotland #GLA #Glasgowairport #WelcomeHomeRCS #Singerlife #Supercommuter #Nofilter #Views #cityliving pic.twitter.com/0QSMGUmGMs
Kitchen Porter @HolidayInn #GlasgowAirport  Info/Apply:  http://ow.ly/oDPh50vgyEb  #Paisley #RenfrewshireJobs pic.twitter.com/8AhyPtdEK0
Commis Chef - Full time @HolidayInn #GlasgowAirport  Info/Apply:  http://ow.ly/1z3e30pfqls  #RenfrewshireJobs #Hospitality pic.twitter.com/q0fLyDcWlL
Tags: #ryanair #belfastairport #glasgowairport #britishaviation #avgeeks #airlines #aviationdaily #airplane #aircraft #plane #planespotter #planes #avgeek #aviationnews #aviation #planespotter #planes #avgeek #aviationnews #aviation  Photo: Maynat (@JetPhotos)
Tags: #ryanair #belfastairport #glasgowairport #britishaviation #avgeeks #airlines #aviationdaily #airplane #aircraft #plane #planespotter #planes #avgeek #aviationnews #aviation #planespotter #planes #avgeek #aviationnews #aviation  Photo: Maynat (@JetPhotos)
"Sarpidon Apartments Greece, Crete, Malia 14 Nights - Self Catering 10 Sep 2019 from Glasgow Flights, transfers & luggage included From £293 Per Person Subject to limited availability  #latedeals #bargainsun #glasgowairport #holiday2019  More details here -  http://www.bargainsun.com/32sd  pic.twitter.com/OMK7IcYsQt"
Check out this 2 bedroom flat to rent on Rightmove   http://www.rightmove.co.uk/property-to-rent/property-83623661.html?utm_source=twitter&utm_medium=sharing&utm_campaign=property-details&utm_content=renting … #Paisley #Glasgowairport
Customer Service Assistant in #GlasgowAirport with @WDFJobs 24.75 to 33 hours per week. Info/Apply:  http://ow.ly/LdFb50vb6ZN  #GlasgowJobs #DutyFree pic.twitter.com/LH28ZjIMvz
Aircon in Glasgow airport is struggling. Making for a sweaty lounge visit! #glasgowairport
"Apartments Siesta I Majorca, Alcudia From Glasgow - 24 Oct 2019  7 Nights , Self Catering Flights, transfers & luggage included From £238 Per Person Subject to limited availability More details here -  http://www.bargainsun.com/32sd  #latedeals #glasgowairport #bargainsun #majorcaholiday pic.twitter.com/9renSZ7OMu"
The crash is causing chaos for those driving near #glasgowairport  https://www.glasgowlive.co.uk/news/glasgow-news/glasgow-airport-crash-three-lanes-16656460 …
Drivers are being warned to avoid the area completely #glasgowairport #m8  https://www.glasgowlive.co.uk/news/glasgow-news/glasgow-airport-crash-three-lanes-16656460 …
"#Florida #BargainSun #LateDeals   Baymont Inn & Suites Orlando USA, Florida, Orlando, International Drive Area From Glasgow - 23 Sep 2019  14 nts Continental Breakfast From £593pp Subject to very limited availability More details here -  http://www.bargainsun.com/32sd  #glasgowairport  pic.twitter.com/QL39VPVcAD"
"Greece, Corfu, Sidari From Glasgow - 29 Aug 2019 7 nights  #latedeals #bargainsun #glasgowairport #greeceholiday pic.twitter.com/vpPrsBDtq4"
Customer Service Assistant in #GlasgowAirport with @WDFJobs 24.75 to 33 hours per week. Info/Apply:  http://ow.ly/LdFb50vb6ZN  #RenfrewshireJobs #DutyFree pic.twitter.com/MuDjUWl4uO
#BritishAirways please can you explain the delays from #glasgowairport tonight. It’s now a 5 hour delay for a 1 hour flight!
Our biggest bird of the day #bienvenue #🇫🇷 #signatureflightsupport #a330 #avgeek #corporateaviation #privateaviation #privatejets #france #glasgow #glasgowairport #EGPF #GLA #aviation #SignatureSoars #fbo #privateflight @ErinMcIlroy1 pic.twitter.com/hDFW2NDA8F
"What’s all the fuss about thunder and lightning, moons oot #glasgowairport #storm @SeanBattySTV pic.twitter.com/KqPyHQxEME"
Early morning flight from Glasgow Airport - take a virtual tour of the     Courtyard By Marriott Glasgow Airport at  https://my.matterport.com/show/?m=csGUtVX8xTa …  - Perfectly placed for an overnight stay.  #Matterport #glasgow #3dvirtualtours #matterport3dtours #glasgowairport
"#Glasgowairport please check messages for late luggage.  We have left 2 messages, trying to find our luggage from an Air Canada flt this am from Toronto, msg me please or listen to voice mail at Swiss port."
"Jupiter Hotel in Sunny Beach, Bourgas Region, Bulgaria Mon 19 Aug 2019 - 7 nights Double Room with Balcony or Terrace Bed & Breakfast From Glasgow  From £356pp Subject to limited availability  #latedeals #bulgariaholiday #glasgowairport  pic.twitter.com/oBmx4obp5b"
"So peace in Europe eh! Religious terror attacks Europe since 2004: Deaths= 745,  Injured = 5080  #MadridTrainBombings #MurderofTheovanGogh #7JulyLondon #GlasgowAirport #MilanItaly #StockholmBombings #FrankfurtAirport https://twitter.com/MollyMEP/status/1152463718736891904?s=20 …"
#glasgowairport worst in the world for getting bags from international flight
Administrator in #GlasgowAirport with @joinswissport Info/Apply:  http://ow.ly/WhdM50uYkjz  #GlasgowJobs #Airport pic.twitter.com/BjMGnlhoWx
Glasgow airport is great when going out but coming back is a nightmare. Always waiting a hour for your suitcase. #glasgowairport #rotten #badcustomerservice
First ever flight dispatched on my own #glasgowairport #ryanair #Dublin pic.twitter.com/Sx95Q39Xd8
