tweet
And the tears come streaming down your face When you lose something you can't replace🎶 #fixyou #Coldplay
"Bila kau tak suka..bilang saja suka so tell me you love me, if you don't then lie, oh lie to me..aww  . . @coldplay - true love  #truelove #coldplay #cover #theboys #guitar #hofner #gitarhofner #hofnergalaxie176  https://www.instagram.com/p/B1qcWoFlaKJ/?igshid=1cus2mmhx8u2m …"
"Ce n'est pas tout ça mais je commence à penser de Coldplay tout doucement, parce que mise à part les nouvelles de Guy sur Insta, et la réconciliation de Dartin, on n'a pas les vraies nouvelles musicales de notre groupe préféré. 2021 c'est long quand même. #Coldplay #ColdplayLP8"
@TheFuse984 @mianomuchiri This is the perfect way to start us off on #TheFuse today. I Love #Coldplay!!!!
Now playing #Coldplay - #AdventureOfALifetime on Total Hits
#Mutuals Retweet/siganme y los sigo si  gusta:#MONSTAX #Blur #DamonAlbarn #Gorillaz #Travis #Coldplay #Radiohead #SophieEllisBextor #Switchfoot #Britpop #Air #HillsongUnited #GustavoCerati #DuranDuran #CultureClub #JohnNewman #FreddieHighmore #LeoDiCaprio #JamesMcavoy #Marvel #DC
#Mutuals Retweet/siganme y los sigo si  gusta:#MONSTAX #Blur #DamonAlbarn #Gorillaz #Travis #Coldplay #Radiohead #SophieEllisBextor #Switchfoot #Britpop #Air #HillsongUnited #GustavoCerati #DuranDuran #CultureClub #JohnNewman #FreddieHighmore #LeoDiCaprio #JamesMcavoy #Marvel #DC
#Mutuals Retweet/siganme y los sigo si  gusta:#MONSTAX #Blur #DamonAlbarn #Gorillaz #Travis #Coldplay #Radiohead #SophieEllisBextor #Switchfoot #Britpop #Air #HillsongUnited #GustavoCerati #DuranDuran #CultureClub #JohnNewman #FreddieHighmore #LeoDiCaprio #JamesMcavoy #Marvel #DC
#Mutuals Retweet/siganme y los sigo si  gusta:#MONSTAX #Blur #DamonAlbarn #Gorillaz #Travis #Coldplay #Radiohead #SophieEllisBextor #Switchfoot #Britpop #Air #HillsongUnited #GustavoCerati #DuranDuran #CultureClub #JohnNewman #FreddieHighmore #LeoDiCaprio #JamesMcavoy #Marvel #DC
Now playing #Coldplay - Clocks on Galaxy Fm 106.1 Patra
Yellow is still the best #Coldplay song 🙌
#idaCP #idaSMA #idaCJ #idaEINSTEIN #WORDSINLINESPACEANDTIME #idampan #instagram #Coldplay #VivaLAVida #legend #EINSTEIN #TheSCIENTIST #relativity #wildfire #Gravity #Marvel #DISNEY #TRUMP #zuckerberg #facebook #theGreatHACK #RDJ DC  https://www.instagram.com/explore/tags/wordsinlinespaceandtime/ … https://youtu.be/dvgZkm1xWPE 
"""When u feel so tired but can't sleep, Stuck in reverse..^ When u Luv someone but it goes to waste...^  #coldplay  pic.twitter.com/VnNPfvblPE"
Jetzt auf #ewm: Trouble von #Coldplay ... jetzt einschalten:  https://www.es-wird-morgen.de  #eswirdmorgen #lautfm
" http://www.jango.com/music/Greenhouse+Effect/IT+AIN+T+EASY+REMIX+2011+ … #GreenhouseEffect #itainteasy, #jango #newyork, #webtraffic, #sting, #direstraights,#billiejoel, #elton,#weirdal,#boc,#pandora, #worldwide,,#webradio,#coldplay,#greenday,#newjersey,#blueoystercult,#toroymoi,#kroq,#bmi,#linkedin #supertramp, #ThePolice,RT"
"#UnDíaComoHoy hace 17 años, salió a luz pública el álbum ‘A Rush of Blood to The Head’, el segundo álbum de estudio de #Coldplay.⁣ ¡DISCAZO! 💙  pic.twitter.com/JsFI8MJk91"
"€€  http://www.jango.com/music/Greenhouse+Effect/IT+AIN+T+EASY+REMIX+2011+ … #GreenhouseEffect #itainteasy, #jango #newyork, #webtraffic, #sting, #direstraights,#billiejoel, #elton,#weirdal,#boc,#pandora, #worldwide,,#webradio,#coldplay,#greenday,#newjersey,#blueoystercult,#toroymoi,#kroq,#bmi,#linkedin #queen, #eltonjohn, @"
MTVVideoMusicAward․com  https://en.wikipedia.org/wiki/MTV_Video_Music_Award … #Aaliyah #MTV #Shakira #Nickelodeon #Coldplay #Weezer #BET #Jamiroquai
Now playing #Coldplay - Clocks #thewillowClassicHits #Classichits http://tun.in/seT1x 
Colplay. A Rush of Blood to the Head. 26/08/2002. 🎂 17 años. . . #Coldplay #ARushOfBloodToTheHead #GodPutASmileUponYourFace #TheScientist #GreenEyes @coldplay pic.twitter.com/FO4jsqB7um
El compromiso social de Coldplay  @coldplay 🙌🏻  https://www.vavel.com/es/masvavel/2019/08/26/musica/993372-el-compromiso-social-de-coldplay.html … #Coldplay #ayuda #compromise #compromisoSocial @coldplaymexico @ColdplayArgenti @ColdplayColombi @coldplay_peru @coldplaycl @coldplaylivepy
"Wir starten in eine neue Stunde unserer Sendung ""MAGIC FM Chillout"" mit  ""Princess Of China (feat. Rihanna)"" von #Coldplay  http://magicfm.de  #magicfm"
"Every step that you take, could be your biggest mistake  it could bend or it could break, that's the risk that you take  #Coldplay"
"#Coldplay released 'A Rush of Blood to the Head' 17 years ago on August 26, 2002 | LISTEN to the album + revisit our retrospective tribute here:  http://bit.ly/2BNw3iW  pic.twitter.com/gGL61Ffnn4"
"Uno de los mejores discos de la carrera de Coldplay, cumple hoy 17 años✨ ¿Cuál es tu canción favorita del álbum? #arushofbloodtothehead #Coldplay  pic.twitter.com/aC9bFooKFH"
#Coldplay  pic.twitter.com/Xcvq9D9qNf
"& I like it, I like it, I like it. . .rocking all over the world. . . 2:52  https://www.youtube.com/watch?v=R1ZG425u7Ws … #IMP #Coldplay #Live8"
"Confusion that never stops The closing walls and the ticking clocks gonna Come back and take you home I could not stop, that you now know, singing #Coldplay #arushofbloodtothehead #clocks @coldplay"
Tell me your secrets And ask me your questions Oh let's go back to the start.. ❤️#thescientist #Coldplay #arushofbloodtothehead @coldplay
"Sing it, please, please, please  Come back and sing to me, to me, me  Come on and sing it out, now, now   Come on and sing it out, to me, me  Come back and sing it #inmyplace #Coldplay #17años #arushofbloodtothehead @coldplay pic.twitter.com/7kEIVUMPnU"
"Hace ya 17 años @coldplay lanzaba “A Rush Of Blood To The Head”, su 2do álbum de estudio, nosotros los dejamos con el track que abría este LP: #Politik #Coldplay #RockBitches #Efemérides #ARushOfBloodToTheHead #ChrisMartin #LunesDeEncendedores https://youtu.be/ROxICeiY2xM "
🎉👉 Ponete a prueba con nuestra #TRIVIA 🤓🎉 🤔 ¿Con qué sencillo #Coldplay logró alcanzar el éxito internacional por primera vez?  ✔ Mañana publicaremos la respuesta correcta.
"17 años del ""A Rush of blood to the head"" #Coldplay #00s #PopRock  https://www.instagram.com/p/B1pC2ruhpJQT_eQ16hnvqIc6kW0tncQa5Fcqa40/?igshid=1tqr24df6xacl …"
Now playing #Coldplay - Viva La Vida #thewillowClassicHits #Classichits http://tun.in/seT1x 
#nowplaying #TheChainsmokers #Coldplay ~ The Chainsmokers & Coldplay | Something Just Like This ||| BB RADIO - In #Potsdam #Brandenburg #GER auf 107.5
"📆🎤👏 17 años de ""A Rush of Blood to the Head"".   💽 Segundo álbum de estudio de la banda británica #Coldplay.  Fue lanzado el 26 de agosto de 2002 bajo el sello de la discográfica #Parlophone, destacándose ""In My Place"", ""The Scientist"" y ""Clocks"", entre otras canciones 🤩 pic.twitter.com/uduOOCRC8I"
#Coldplay - ‘The Scientist’ from 2nd album ‘A Rush of Blood to the Head’ released today in 2002    https://youtu.be/RB-RcX5DS5A  via @YouTube pic.twitter.com/TSOkKGGljS
"To increase your success rate, double your failure rate. A call to action for fans of #SteelyDan, #BozScaggs, #BobDylan, #DavidBowie, #LedZeppelin, #TheRollingStones, #TheBeatles, #TheWho, #PinkFloyd, #LinkinPark, #ColdPlay, #U2 and #UB40! https://soundcloud.com/randellyoung/soiree-at-the-cafe-liberte …"
#Coldplay - Ink  https://youtu.be/gKM15TaKLUI 
Maybe one day I'll fly with you. #Coldplay
#coldplay  pic.twitter.com/Hoy2WyZfIF
“In My Place” fue el 1er single del álbum “A Rush of Blood to the Head” de #Coldplay lanzado #TalDíaComoHoy de 2002:  https://riffstory.com/tag/in-my-place/ … pic.twitter.com/4Pk1xy7zJB
#Coldplay 17 Años de su mejor disco.  pic.twitter.com/w00mw2ynvE
Jetzt auf #ewm: The Scientist von #Coldplay ... jetzt einschalten:  https://www.es-wird-morgen.de  #eswirdmorgen #lautfm
#Coldplay #TheScientist pic.twitter.com/N5JK12mN0X
"A Rush Of Blood To The Head, il secondo album in studio dei #Coldplay compie oggi 17 anni. Con Green Eyes non servono ali per volare."
Everglow - Coldplay (A Head Full of Dreams)  #everglow #coldplay #nowplaying pic.twitter.com/nLS9upoFK8
"Se cumplen 17 años del lanzamiento del segundo álbum de @coldplay, ""A Rush of Blood to the Head"", bajo el sello Parlophone. El atentado del 11 de septiembre de 2001 influyó en el estado anímico de los miembros de la banda a la hora de componer canciones para el álbum. #Coldplay  pic.twitter.com/mjjX3TgvNJ"
Nobody say it was easy. 🤘❤ #coldplay
Coldplay singer Chris Martin sends message of support to Oarsome Foursome Exmouth woman  https://eastdevonnews.co.uk/2019/08/26/coldplay-supports-oarsome-foursome-atlantic-ocean-row-challenge/ … @eastdevonhour @Devon_Hour @coldplay @Hospiscare #coldplay @ACampaigns #rowing #Atlantic #taliskerwhiskyatlantic @TaliskerWhisky #Talisker @OarsomeFour
Happy 17th Birthday To A Rush of blood to the head!! 🎉 #HappyBirthday #AROBTTH #Coldplay  pic.twitter.com/bS5TnhoTiH
COLDPLAY - Clocks - (Album: A Rush of Blood To The Head) (2002) @coldplay #Coldplay #ColdplayFans #2000s https://youtu.be/d020hcWA_Wg 
#repost #arushofbloodtothehead #arobtth #coldplay #masterpiece #17yearsold #onthisday #onthisdayinmusic #coldplayfans #repostthis credit @kisharles #coldplayer #coldplaylive #chrismartin #chrismartinfans…  https://www.instagram.com/p/B1oN8ljn6Cz/?igshid=18jv28i09sq04 …
"#otd 26 Agosto - August 26th (2002) Lanzamiento - Release "" A Rush of Blood To The Head "" Album. @coldplay #Coldplay #ColdplayFans #2000s pic.twitter.com/HMt1ygkrRd"
#2002 #00s #coldplay #coldplayfan #coldplayforever #arushofbloodtothehead #postbritpop #music #musica #album #albumoftheday #disco #discooftheday #alternativerock #alternative #rockmusic #rock - A Rush of Blood to…  https://www.instagram.com/p/B1oLUWhln2E/?igshid=17iock5i2dxhj …
"When you love someone, but it goes to waste Could it be worse? :(  Lights will guide you home And ignite your bones And I will try to fix you :)  #FixYou #Coldplay #GhamHour #RantHour #fivethirtytosixthirty #MontoFri"
現在ツアー中の「COLDPLAY」 4月19日の東京ドームライブの前に予習しときましょう！  #coldplay #コールドプレイ #洋楽 http://no16.jp/2017/04/13/2008/ …
Happy birthday A Rush Of Blood To The Head Of Coldplay!! #coldplay #arushofbloodtothehead #coldplay2002 pic.twitter.com/prm3hJ7wMs
#MusicMonday Coldplay - LIVE 2012 - Paradise #VWSMusic #Coldplay #Live2012 #Paradise #PopMusic #Music pic.twitter.com/IvUfcYON0w
"""A Sky Full Of Stars"" #Coldplay #コールドプレイ #NowPlaying #サーリィへ届け  https://youtu.be/2Iphl7nKcYI  pic.twitter.com/bUDjrGdRzX"
Now playing #Coldplay - Adventure Of A Lifetime on Galaxy Fm 106.1 Patra
"TODAY IN ALBUM HISTORY: #Coldplay released 'A Rush of Blood to the Head' 17 years ago on August 26, 2002 | LISTEN to the album + revisit our retrospective tribute here:  http://bit.ly/2BNw3iW  @coldplay pic.twitter.com/NXCNoSD6kX"
"@coldplay fans, when do you think we will get a clue or a tweet about new music/tour #Coldplay #thehiatusisreal"
"""Versuch dich mit normalen Menschen zu umgeben"", haben sie gesagt. When you try your best but you don't succeed! 🎶 #gamescom2019 #gaming #gamescom #twitch #community #latinoloco #cologne #köln #coldplay @ Latino Loco  https://www.instagram.com/p/B1n9usEo_9L/?igshid=u2gumercla66 …"
📺 A Rush of Blood To The Head promocional para TV💿 @coldplay @warnermusicmex #coldplay #AROBTTH #WarnerMusicMx pic.twitter.com/uEMUSRQmNy
Released 17 years ago #onthisday My autographed copy #arobtth #happybirthday #arushofbloodtothehead #coldplay #coldplayer #coldplayconcert #coldplaylive #coldplaylove #coldplaymusic #coldplayfan #coldplayfans…  https://www.instagram.com/p/B1n4s9WpZrX/?igshid=18wdls5fjqlua …
"Can’t believe it’s your birthday. Happy Birthday AROBTTH 🎉my favourite album ever. I did write something, but not enough words can thank you ❤️ the memories, the journeys, the experience, I will never forget. Happy Birthday #arushofbloodtothehead #coldplay #happbirthdayarobtth pic.twitter.com/DQtuFL2TSH"
"Here's my new orchestral arrangement of Coldplays Yellow, I really hope you enjoy it on this sunny bank holiday monday:   https://youtu.be/zFl6D2BQBhw  #coldplay #coldplaymusic #yellow #cover #coversong #epicorchestra #MondayMotivaton #bankholidayvibes #BankHoliday #MusicMonday"
“In My Place” fue el 1er single del álbum “A Rush of Blood to the Head” de #Coldplay lanzado #TalDíaComoHoy de 2002:  https://riffstory.com/tag/in-my-place/ … pic.twitter.com/wMW5eMCw7r
何となくCOLDPLAYを聴いた。 今の自分には、沁みる。  #everyteardropIsawaterfall #coldplay
DIRTY POP - THE BOOTLEG SESSIONS - classic pop and rock hits like you've never heard them before!  https://www.podomatic.com/podcasts/mechanism/episodes/2019-08-23T14_29_32-07_00 … #mechamix #podcast #melbourne #acdc #kiss #joanjett #coldplay #nsync #brandy #thebeatles #abba #mashup #bootleg pic.twitter.com/I6B8gS9pFn
NL #Coldplay Fix you.
#HoyEnLaMúsica Nacen: 🔻 #ShirleyManson 🔻Rayna Foss-Rose 🔻Allison Robertson 🔻Maureen Tucker 🔻Dr. Alban ⚫️fallece Laura Branigan 💽1968 se publica “Hey Jude” #TheBeatles 🎸1970 última vez que #JimmyHendrix aparece en público 💽2002 #Coldplay lanza “A Rush of Blood to the Head”  pic.twitter.com/t1znRbe903
I made chibi @coldplay last night. Hope everyone like it and have a good day as always. Cheers!  #fanart #coldplay #digitalart #drawing pic.twitter.com/CKbaLVdAOr
"Coldplay - A Rush of Blood to the Head August 26, 2002 @coldplay @coldplaybrasil @Coldplay_PH @coldplaymexico #Coldplay  pic.twitter.com/FGvyIi3CTy"
"📆#undiacomohoy se lanza el LP A Rush of blood To The Head, Segundo álbum de Coldplay y considerado por muchos Coldplayers como el mejor trabajo de la banda. #Coldplay #AROBTTH #WarnerMusicMx @warnermusicmex pic.twitter.com/0qMKBxJqVc"
Warning Sign do #Coldplay traz uma paz tão boa. É mt gostosa de se ouvir #NowPlaying️
#FindUsOnTheTuneInApp #Coldplay - #CharlieBrown #NonStopMusic #GreatRadio
Miracles at Work! #Coldplay #AHeadFullofDreams @coldplay #India pic.twitter.com/TfpROeaW2u
"Playlist #6 - Piano Songs  Coldplay, Elton John, James Blunt, Keane, Robbie Williams, The Fray   #Coldplay #EltonJohn #JamesBlunt #Keane #RobbieWilliams #TheFray pic.twitter.com/HWfeAzTYDK"
#nowplaying good #music your best #hits and your #fav - Listen to  #Coldplay - Everglow - #:  http://bit.ly/2tMq44C  #charts
#Coldplay @coldplay @BTS_twt @Suzy pic.twitter.com/Kwxpei9aEL
I think of you I haven't slept... #AlwaysInMyHead #Coldplay  https://youtu.be/l2UJmdM9Omw 
You know you make my world light up 🌀💙 #Coldplay ❤️
"- #Coldplay...  The start of their journey  Their music through the years Their history and who are they? Behind the scenes of their band Their friendship  Watching this documentary will just make you fall in love with them, again and again. As it did with me 🖤  pic.twitter.com/LIIMBZ3JBP"
Fix you - EX!T video by peppe_gallaro #live #music #exit #rockband #poprock #coldplay #sunset #sicily #torredimezzo #lucasallemilive #lucantanti @ Piper - Torre Di Mezzo  https://www.instagram.com/p/B1mkNPYFsKs/?igshid=1fnf27bct3g38 …
"Every tear, every tear, every teardrop is a waterfall 💙 #Aberystwyth #TheBigTributeFestival #Music #Coldplay #Coldplace #TributeAct @ The Big Tribute Festival  https://www.instagram.com/p/B1mhhKqnzC2/?igshid=qhb5k3yegtaa …"
Avicii ft. Chris Martin - Heaven (Saint Ache Remix) #avicii #chrismartin #heaven #remix #electronic #newmusic #coldplay #rework #minimal #popmusic https://youtu.be/71dfWDWmGrU 
#Coldplay #Swallowed #In #Sea #Lyrics https://brancher.page.link/4viFhFXiDeCgxxuT9 …
Hay guey. Hasta se me enchino la piel!!!!   #MusicaLigera #SodaEstereo #GustavoCerati #Coldplay  https://www.facebook.com/100000349668070/posts/2491420470879584/ …
"Those who will not risk cannot win. A call to action for fans of #SteelyDan, #BozScaggs, #BobDylan, #DavidBowie, #LedZeppelin, #TheRollingStones, #TheBeatles, #TheWho, #PinkFloyd, #LinkinPark, #ColdPlay, #U2 and #UB40! https://soundcloud.com/randellyoung/i-feel-your-presence …"
@coldplay is the greatest band of all time. Dont @me #Coldplay
Yellow Cold play . . . . . . . . .  #acousticguitar #cover #violão #violaoevozbr #acoustic #acousticcover #mpb #brazil #vozeviolaobr #singer #coldplay #violão #guitarplay #thevoice #love #lovesong #music  https://www.instagram.com/p/B1mLZtFh62R/?igshid=1rkeexn9ppjfs …
`New Orchestration of Yellow by Coldplay:   https://youtu.be/zFl6D2BQBhw  #coldplay #yellow #cover #instrumental #remix #bankholidayvibes #SundayFunday
Hey @coldplay we love you alot do from 🇮🇳. Bc you're the sky full of stars. #iloveenglishsong #Coldplay #namaste
←野球ファンが想像する「クリス・マーティン」 →音楽ファンが想像する「クリス・マーティン」(右から2人目) #日ハム #ファイターズ #Coldplay  pic.twitter.com/LQIfXLHJHH
Fix you.... 😍🎶🎸 #coldplay
#coldplay 🎸🎶 #FixYou... https://twitter.com/aninhavslima/status/1163465022120570880 …
Me busque uno parecido a este guapetón... 🎶🎸#coldplay  https://twitter.com/ColdploveSolida/status/1162838404574453761 …
"Pensar que hace 10 años anduve de novio con una gran fan de #coldplay y ahora yo soy fan de ese grupo, #quemalando"
