tweet
"TL;DR ""Sure, she made a bunch of racist tweets BUT LOOK HOW INCLUSIVE DISNEY IS THEY HIRE GAY PEOPLE AND TRANS PEOPLE AND POC!""  #DISNEY #Marvel #racist #SJW #itsnotbadwhenwedoit  http://sandrarose.com/2019/08/muslim-writer-deletes-twitter-after-disney-announces-she-will-write-ms-marvel-series/ …"
"Racism to the left is like curry to piss head ,unfortunately for the weirdos the demand for racists and bigots outweighs supply so they got manufacture more , either real of confected #racist #leftist"
Booker is #Racist  https://twitter.com/CoryBooker/status/1166076893482967041 … pic.twitter.com/lWKdWY7O7N
Oh and before people come and attack me and all call me #RACIST I’m #WHITE/#BLACKCARRIBBEAN #howaboutthat! 👸🏻/👸🏾
"#Confirmation of what I posted yesterday: The @CarnegieHall event hosted by #GazetaPollska, the #Polish group linked to #antiSemitic, #xenophobic, #racist & #homophobic rhetoric & to the '#LGBT-Free Zone' #newspaper, has been #canceled. https://www.nbcnews.com/feature/nbc-out/group-connected-lgbt-free-zone-newspaper-cancels-carnegie-hall-event-n1046376 …"
To: #SJW folks who like to call all white people #racist. This movie was made in 1957. This is how almost all white folks always responded to #racism at least since before this movie was made.  We won't entertain your lies any longer. https://tinyurl.com/ybqyvwqo 
"Are Aussies TRULY this #Racist?  OF COURSE they are, that's why a bunch of #PeopleOfColour are STILL languishing in #OffshoreDetention! #TheProjectTV"
I have never felt so angry and proud at the same time. #saynotoracism with a #yorkshire street's incredibley #lovely  reaction to #racist graffiti left on pavement and #proequality 🤩 https://www.hulldailymail.co.uk/news/hull-east-yorkshire-news/racist-left-disgusting-word-chalked-3251700#ICID=Android_HullDailyMailNewApp_AppShare …
leader of #nazi #EDL #YorkshirePatriots who intend on spreading their #hate in #leeds & #Dewsbury soon -  bags himself an injunction following his #racist threats towards muslims  pic.twitter.com/3AtqIHUWhc
Jack is the very definition of the ignorant  cringe. He reported you because he's a #racist
"Obama was clearly better, and Trump’s temperament ensures he will never even come near. #TrumpFail #Racist #25thAmendmentNow"
wow. #racist  https://twitter.com/twelveminus5/status/1166031151376556032 …
"@ahmedshaheed its not about compensation, money is materialistic value. U come from space wearing @UN cap & give cheep Charlie press briefings. Where were ? @UNGeneva @UNSriLanka when the Christians were mourning. Today Muslim are traumatised by #racist hardline Buddhist monks.  https://twitter.com/SharminiDNS/status/1166237365460983808 …"
"#AssociationFallacy  Firstly, how is he #racist? Secondly, how is that relevant to this thread?  Thirdly, your article is irrelevant to @MRobertsQLD's point.  Keep trying bud..."
"”Being labelled a #racist often scares people so much that they become overly aware of racism and even #hypersensitive”😂 #BS, I worked in Finnish #companies that openly used the n-word, mocked my brown skin and Indian heritage.👎🏽 http://yle.fi   https://yle.fi/uutiset/10938456 …"
"@ahmedshaheed its not about compensation, money is materialistic value. U come from space wearing @UN cap & give cheep Charlie press briefings. Where were ? @UNGeneva @UNSriLanka when the Christians were mourning. Today Muslim are traumatised by #racist hardline Buddhist monks."
#AssholeJoeWalsh #Racist @WalshFreedom #RedFlag #Election2020 #2020Election #RINO #Turncoat pic.twitter.com/OfiYodBQ9k
"I believe racism is against the law in your country, so here you are with a #racist tweet mocking the law of your own country.  https://twitter.com/blaiklockbp/status/1166085548487991296 …"
"#expo2025 #Osaka is hotbed of #Discrimination,xenophobia and #racism  The racist tweets following Osaka earthquake echo a dark moment in Japanese history  https://qz.com/1317508/  #Azerbaijan #Russia #racist #Nationalist #Nationalism #Nationalists"
".@WalshFreedom  You don't understand the term #racist.  1st, it's not a noun; it's an adjective.  2nd, the question to answer is,  ""Are you #white?""  All of us whites are racist, for we benefit from the #hegemony. https://youtu.be/a03ndnqzo5E "
"F**K YOU Michael Drejka #murder #killer #racist   Over a parking spot, in a near empty parking lot, you cowardly murdered a man defending his wife & child; from you. #MarkeisMcGlockton #StandYourGround? The U.S. is #fubar  Get over your guns #GrowASpine https://youtu.be/_FZbgnnl2ks "
#racist #stopracism
"Anyone identify with me saying I'm no #racist but a #culturalist? #Racist is vague. No one should be #Racist. However, there are subcultures, like those who wear pants hangin' I can eschew; like those who wear pants hangin'. Does it benefit the overall cultural? Nope, it degrades"
#JoeWalsh is @realDonaldTrump 2.0 He's a #Racist #Birther #Republicans that back him are simply looking for a more mentally fit #trump 🤦 Pretty sure #JoeWalsh does NOT qualify 🤷
Analysis: white man in power seated next to his #unemployed #housewife @Chirlane while minority kids hold signs and he runs for president! @FreddiGoldstein @WileyNorvell @emmawolfe @cnn @msnbc @nypost #racist #implicit #bias @DOEChancellor @ChalkbeatNY @NYCSchoolsOSYD https://twitter.com/joeborellinyc/status/1166167348673429506 …
Analysis: white man in power seated next to his #unemployed #housewife @Chirlane while minority kids hold signs and he runs for president! @FreddiGoldstein @WileyNorvell @emmawolfe @cnn @msnbc @nypost #racist #implicit #bias @DOEChancellor @ChalkbeatNY @NYCSchoolsOSYD
Wow Analysis: white man in power seated next to his #unemployed #housewife @Chirlane while minority kids hold signs and he runs for president! @FreddiGoldstein @WileyNorvell @emmawolfe @cnn @msnbc @nypost #racist #implicit #bias @DOEChancellor @ChalkbeatNY @NYCSchoolsOSYD https://twitter.com/maragay/status/1166150778479886336 …
Analysis: white man in power seated next to his #unemployed #housewife @Chirlane while minority kids hold signs and he runs for president! @FreddiGoldstein @WileyNorvell @emmawolfe @cnn @msnbc @nypost #racist #implicit #bias @DOEChancellor @ChalkbeatNY @NYCSchoolsOSYD
"@anubaloungeke change your #racist bouncers, how do I show up with a European friend.. am asked to pay entrance & he’s let in free? Your violent guards also claimed to have seen him some nights before yet we’d just landed from Nairobi! #boycottAnubalounge in Nyali @CisNyakundi"
No you are seeing a real #racist in Joe! Trump is not a racist
"everyone at that magazine is white? do you know that the person responsible for the error was white? your statement is clearly #racist, while mistaking someone for someone else is seriously #irresponsible in this case, & a big #mistake. No, it is not racist to fail at your job."
Bull💩 with your freaking LIES! Correction: The #Racist #DemocratParty are Racist to the core & the #Leftists #Haters are #Deranged #LoonyToons 😡😒🙄🤦
#Trump2016 #DonaldTrump #Trump #TangerineNightmare #PieceOfShit #sexist #racist #DumpTrump pic.twitter.com/WW1qiWKlqb
Weeeeee #twitter #Zionists #racist #twittertrash
"The #Racist #Democrat #KKK can go Fudge 💩themselves,they mean nothing & are Nobodies 😒🙄🤦"
Let us Pray....for Carla Waldman🙏🙏🙏🙏🙏🙏 #RACIST
@donlemon you're so blinded by #hatred & #TDS that you see everything as #racist. You're a joke & @cnn should fire you. A horse taking a shit could get more ratings then you. #CNN #WhatAjoke
🗣 #racist
"#Westminster @HouseofCommons #Parliament #Tories @Conservatives @duponline Dear #NHS doctors etc, there's nothing #racist about asking for payment for treatment the #NHSMigrants aren't bloody entitled to FFS 😡 It's our, #UKTaxpayers money you're giving away FFS 😡 #NHSCrisis 😡 https://twitter.com/SallyPresto/status/1166169376791375873 …"
"According the left, a black person can't be a #racist. So much for that theory."
So the @dailytelegraph today used an overtly #racist headline in a critique of the Labor party Hijacking #antiwhiteracism #Australia pic.twitter.com/FFmIK26x2a
I'll wager she's a Democrat. #racist  https://twitter.com/stillgray/status/1165898371631964160 …
Hmmm...you ain’t proud enough to say. I get it. 🤦‍♂️ #racist
Not a single mile of new wall or barrier has been built under trump. There’s only been some replacement of existing fencing. Keep up the lies congressman. Just like the rest of the traitors in your party. #Traitors #TraitorInChief #racist
Looks no different to the behaviour of white kids on holiday on Ayia Napa. Which has been shown extensively on TV. In which case this entire thread is #racist. #Twitter what are you doing about it?
So dim sums is a problem but Ching-Chong is fine 🙄 #racist
#racist
"Yeah white people never have arguments, fights or use the emergency services I mean all the they do is have tea and crumpets. Tell that to the emergency services dealing with town centres on the weekend. #racist #KatieHopkins #hatemonger"
"So Sadiq Khan is personally responsible for the behaviour of every person who goes to carnival, just like he's personally responsible for solving every crime in London, I don't remeber you having these expectations when Boris was mayor and London was burning #racist #KatieHopkins"
#Racist
From what I hear you were the office bike....but hey keeps telling us about those good old judo-Christian values that you're fighting for. Have you never heard the saying those in glass houses..... #Hypocrite #racist #KatieHopkins
physics is #colonialist   statistics are #racist   biology is #transphobic   astronomy is #sexist   reproducibility is #bigotry  https://www.americanthinker.com/articles/2019/08/an_honest_discussion_about_race_in_america.html … #discussion #America
From what I hear she was the office bike....but hey she keeps telling us about those good old judo-Christian values that she's fighting for. So much for she without sin cast the first stone or was it those in glass houses..... #Hypocrite #racist #KatieHopkins
This is what  @WalshFreedom  is all about.   He’s a wolf in sheep’s clothing.   He’s a #racist conman.   Fuck #JoeWalsh https://twitter.com/WalshFreedom/status/951936512928591873 …
Those a #Racist #Democrats 😡
#Racist who sees another racist and wants to beat the other racist.  https://twitter.com/walshfreedom/status/846781098772324352 …
You started this You can end it #EducateYourself #TrumpFollowers @realDonaldTrump #JustPlainStupid #EVIL #WhiteSupremacist #Racist full of #GREED will do anything for #MONEY💰even support #Pedophile for #Government office #PBSNEWSHOUR #PBSNEWS #FRONTLINE  https://www-aljazeera-com.cdn.ampproject.org/v/s/www.aljazeera.com/amp/news/2017/12/trump-backs-accused-child-molester-roy-moore-senate-171204184857551.html?amp_js_v=a2&amp_gsa=1&usqp=mq331AQEKAFwAQ%3D%3D#aoh=15668841748528&referrer= https%3A%2F%2Fwww.google.com&amp_tf=From%20%251%24s&ampshare= https%3A%2F%2Fwww.aljazeera.com%2Fnews%2F2017%2F12%2Ftrump-backs-accused-child-molester-roy-moore-senate-171204184857551.html … pic.twitter.com/594tPviWpJ
"PSA: #Racist defending #Bedbug @BretStephensNYT wants us to pay for his @nytopinion, however; he'll become a #Snowflake hiding behind #WifeAndKids to #ThreatenYourJob using his employer @nytimes reputation when you disagree with him on @Twitter. @NYTimesPR should speak with Bret."
"#Multiculturalism is the new #Bolshevik #Communist weapon for #Whitegenocide....using conventional weapons to kill off Europeans would not do the trick, so the #Racist #WhiteSupremacist exploit non-white people to further their diabolical #CrimesAgainstHumanity with impunity"
#racism is #wokeness and #woke is #racist  https://twitter.com/sairasameerarao/status/1164913894516654081 …
"People should start wearing the #Racist label as a batch of honor, seriously stop giving power to the #Bolshevik #Communist terrorist....."
So @Target .... you're having your employees calling the police over $1.50 coupons now??? That's how y'all are operating??? Ok...good to know. I'll shop elsewhere.  #racist #BlackLivesMatter
I was told being unequally yoked was a black person and white person getting married.  #racist
"Yeah, #RACIST is the  psychological torture weapon that #Racist #Bolshevik #Communist #Whitesupremacist use to ridicule people into silence. Hilarious, it takes one to know one😂🤪🤣"
"Thank God! The Hill: 20 states sue #racist #Trump administration over #Flores rule so they can hold kidnapped, and imprisoned #immigrant children- indefinitely.  https://thehill-com.cdn.ampproject.org/c/s/thehill.com/latino/458843-20-states-sue-trump-administration-over-flores-rule?amp …  via @GoogleNews"
"Time to show socially responsible investing, international public #conscience, global #morality, and solidarity for non-#Burmese minority peoples who are being killed at the hands of the Burmese armed forces and #racist regime led by Aung San Suu Kyi.   https://asia.nikkei.com/Business/Business-trends/Fashion-brands-rethink-Myanmar-position-after-report-on-military-ties …"
Jean Cramer looks like a charachter from SNL!  #racist #churchlady #FakeChristian https://www.rawstory.com/2019/08/candidate-who-publicly-demanded-town-remain-white-as-possible-quietly-quits-council-race/#.XWQ7uY3H1uU.twitter …
Completely #Racist reprehensible tweets.   I am incredibly sad that I would even consider you desirable option.  But that is what it has come to.  @Scaramucci
Now #HOSES are #Racist.  How can these people live with their own stupidity?
#racist 😠😠😠
"🤔 👉People in America just don't understand! Acceptance of #Liberals #politicalcorrectness, is the beginning of establishing #Socialism. #Gun confiscation is next & then, the #corrupt, #racist, #bigoted, #lying #Liberal #Democrats, take control of our lives. 👈…....………………"
Gary and Frankie in a Female form…in the flesh!! This woman lives in Canada and was a liberal school teacher…  Her racist rhetoric is so like Gary/Frankie…she posted on her FB…that she’s not racist…funny the rest of the world think she’s #racist  https://twitter.com/stillgray/status/1165898371631964160?s=20 …
Remember Joe Walsh is a true #Racist  pic.twitter.com/iNQKgrBsoC
Dear #BlackTwitter help find this #racist #homophobe and #expose him. This happened yesterday in #NYC  https://m.facebook.com/story.php?story_fbid=10217263323347623&id=1008085104 … pic.twitter.com/XXBXb4DlNl
#tRump ass-kissing #racist
Some poor souls have tried to tell us (as if we don't have eyes and ears) that their god #Trump didn't say this. Maybe they need a refresher...#FinePeople #GOP #POTUS #Racist #WhiteNationalists #WhiteSupremacists #Republicans #KKK #Charlottesville #HeatherHeyer https://twitter.com/Me_llamo_Neo/status/1166157388476321792 …
#newsdaily #beautiful #Trippy.Tube #Racist Woman Tells Asian Driver To Go Back To Her Country! - On an #Ignorant Rant. Lady Freakout. Racist Lady - Go back to China where you Belong.  https://Trippy.Tube  your HQ for the latest Viral Videos! feel fr…  http://www.dmtbeautyspot.com/2019/08/trippytube-racist-woman-tells-asian.html …
"Those who live in the hope that investigative journalists @SAEditorsForum @amaBhungane @mailandguardian will unravel #RacistGavinWatson ""accident"" must forget.  For 18 years they flatly refused to unravel: #RacistSollyKrok #RacistGeorgeBizos #RacistMichaelKatz #Racist @OCJ_RSA pic.twitter.com/hJAT4JIx8L"
Dems are the racists #Racist
#DerangedDonald.  Climate change is real. #DOTARD and as always #RACIST
WE call you a #Racist because non-racists DO NOT SAY racists things @WalshFreedom
@AOC is #racist so that fixes that. She HATES America.
"You #liberalloons promote #racism!  You are a #racist!    You play the #racecard cuz you got NOTHING ELSE!  If all the #Left has is RACISM, then got news for you.......  YOU ARE LOSING!"
So guilt by association TomArnold's a #racist  too if he supports #Walsh.  See how that works?
You didn’t include flaming #Racist! I wonder why?
"#White #racist sends threatening letters to all #black leaders, in #Charlotte #NC. Warning to all #AfricanAmericans: WHEN #trump loses the #2020Elections, prepare to be in #selfdefense mode! 👇 https://www.cbs17.com/news/north-carolina-news/nc-county-commissioner-alerting-fbi-of-racist-letter-sent-to-local-leaders/ …"
"As long as Trump has William Barr, he's safe.  #BarrCoverUp #EpsteinTrumpScandal #pedophiles #Rapist #BarrCoverUp #IllegitimatePOTUS #PutinsPuppet #MuellerReport #ObstructionOfJustice #TrumpRussia #Liar #ImpeachDonaldTrump #cruel #concentrationcamps #Racist"
"JOE WALSH: A #racist #birther #sexist UGLY, UGLY human being! Worse actually than @realDonaldTrump, cuz he's claiming #Sanity  Go 4 it! ANYTHING 2 split the #GOP racist base! If #JoeWalsh is the #GOP answer 2 #TrumpDerangementSyndrome,  #Progressives have NOTHING 2 worry abt!"
Gender equality my arsre  !! #FakeFeminist #TrudeauCorruption  Remember Wilson Raybould You #racist #G7Biarrirz #G7France
"@realDonaldTrump at ONLY 36% APPROVAL RATE!  Thus  DESPERATE acts like promoting himself as a fit @potus among legit #G7Summit leaders, denying #flu shots to #asylum seekers, attacking all critics (abt 90 mill) &  #American cities & #Congress, #Racist dog whistles #WINNING #LOSER"
"They didn't find #trump ""charismatic""....they found him #racist."
"This topic is so life alternatingly impt,don't understand why Dem noms aren't Always talking about it& the rabid need to end #Flores, so the @GOP can detain kids  indefinitely!  #PublicCharge =another #racist attack by #trump's  #whitenationalist admin https://www.nydailynews.com/opinion/ny-oped-an-offense-to-the-american-spirit-20190824-65jfsxjhhjd7npdccwayz7ixzu-story.html …"
@GOP you have blood on your hands many times over!. Sick bastards!!  #BreakingNews #racism #racist #AsylumIsntIllegal #MondayMotivation #MondayMood https://twitter.com/matt_cam/status/1166161730914988033 …
#IntolerantLeft #RacistLeftist #DoubleStandardDemocracts #DoubleStandardDems #RacistLeft #Racist  https://twitter.com/iheartmindy/status/1166186953416441857 …
"Nope, @WalshFreedom said things from his heart, mind & soul. He IMHO is a stone cold #DavidDuke / #RichardByrd #KKK, #CrossBurning #racist.  How can a man who with the ease of a child breathing air say #TheNWord without hesitation or care?  Nope, we don’t need a racist as @POTUS. pic.twitter.com/kDoIJmnw9a"
The reason I said this is because every time #ADOS is honor in anyway or talks our specific justice claim like #Reparations;someone comes along saying what about other groups.#AllLivesMatter #Racist Anti-#ADOS needs to stop.Stop! you know exactly what you are doing.#MoralUpRising
"If the voters of Maricopa Cty are stupid enough to elect a convicted, admitted criminal again, then they get what they deserve. #worstsheriffever #criminal #racist #tooold"
"Lol, notice how she tags that media 😂😂😂😂😂😂  Maybe we should tag the same media for the crap she post...  #racist she’s a #TrainWreck #AllABoard 😂😂😂😂😂 train 🚂🚂🚂 #ChooChoo"
">Report tweets that abuse #BlackHistoryMonth including sales pitches, #cryptocurrency & the #racist self-loathers. Be certain to report them for inciting hate against a group #BlackTwitter pic.twitter.com/PYHQV9cN6a"
OH MYYY GOSH...how could I miss that Dems are #RACIST 🤦🏻‍♀️🤦🏻‍♀️🤦🏻‍♀️
